Workbook

Sheet Ad Data
A1: Date | B1: Ad spend | C1: CPM | D1: CTR | E1: Paid downloads | F1: CPI | G1: ARPD (on paid downloads) | H1: APPD (on paid downloads)
A2: 41919 | B2: 36 | C2: 0.91 | D2: 0.048 | E2: 1363 | F2: 0.026 | G2: 0.084 | H2: 0.058
A3: 41920 | B3: 90 | C3: 0.9 | D3: 0.0449 | E3: 3123 | F3: 0.029 | G3: 0.083 | H3: 0.054
A4: 41921 | B4: 90 | C4: 1.04 | D4: 0.046 | E4: 2787 | F4: 0.032 | G4: 0.063 | H4: 0.031
A5: 41922 | B5: 87 | C5: 1.01 | D5: 0.0433 | E5: 2500 | F5: 0.035 | G5: 0.067 | H5: 0.032
A6: 41923 | B6: 90 | C6: 0.92 | D6: 0.0401 | E6: 2583 | F6: 0.035 | G6: 0.081 | H6: 0.046
A7: 41924 | B7: 90 | C7: 0.82 | D7: 0.034 | E7: 2541 | F7: 0.035 | G7: 0.056 | H7: 0.021
A8: 41925 | B8: 90 | C8: 0.81 | D8: 0.0324 | E8: 2361 | F8: 0.038 | G8: 0.069 | H8: 0.031
A9: 41926 | B9: 81 | C9: 0.93 | D9: 0.0344 | E9: 1960 | F9: 0.041 | G9: 0.095 | H9: 0.054
A10: 41927 | B10: 78 | C10: 0.94 | D10: 0.0368 | E10: 1988 | F10: 0.039 | G10: 0.102 | H10: 0.063
A11: 41928 | B11: 90 | C11: 1.05 | D11: 0.0361 | E11: 1924 | F11: 0.047 | G11: 0.099 | H11: 0.052
A12: 41929 | B12: 84 | C12: 1.08 | D12: 0.034 | E12: 1645 | F12: 0.051 | G12: 0.103 | H12: 0.052
A13: 41930 | B13: 77 | C13: 1.08 | D13: 0.0357 | E13: 1556 | F13: 0.049 | G13: 0.1 | H13: 0.051
... A87: 42004 | B87: 90 | C87: 1.1 | D87: 0.0264 | E87: 1078 | F87: 0.083 | G87: 0.133 | H87: 0.05

Sheet App Data
A1: Date | B1: Total downloads | C1: Revenue | D1: Organic downloads | E1: % organic downloads vs. total | F1: Average revenue per download
A2: 41852 | B2: 5 | C2: 0.36 | D2: =B2 -> 5 | E2: =D2/B2 -> 1 | F2: =C2/B2 -> 0.072
A3: 41853 | B3: 8 | C3: 0.73 | D3: =B3 -> 8 | E3: =D3/B3 -> 1 | F3: =C3/B3 -> 0.09125
A4: 41854 | B4: 4 | C4: 0.28 | D4: =B4 -> 4 | E4: =D4/B4 -> 1 | F4: =C4/B4 -> 0.07
A5: 41855 | B5: 4 | C5: 0.34 | D5: =B5 -> 4 | E5: =D5/B5 -> 1 | F5: =C5/B5 -> 0.085
A6: 41856 | B6: 9 | C6: 0.77 | D6: =B6 -> 9 | E6: =D6/B6 -> 1 | F6: =C6/B6 -> 0.085555556
A7: 41857 | B7: 6 | C7: 0.48 | D7: =B7 -> 6 | E7: =D7/B7 -> 1 | F7: =C7/B7 -> 0.08
A8: 41858 | B8: 9 | C8: 0.74 | D8: =B8 -> 9 | E8: =D8/B8 -> 1 | F8: =C8/B8 -> 0.082222222
A9: 41859 | B9: 3 | C9: 0.26 | D9: =B9 -> 3 | E9: =D9/B9 -> 1 | F9: =C9/B9 -> 0.086666667
A10: 41860 | B10: 4 | C10: 0.28 | D10: =B10 -> 4 | E10: =D10/B10 -> 1 | F10: =C10/B10 -> 0.07
A11: 41861 | B11: 15 | C11: 1.4 | D11: =B11 -> 15 | E11: =D11/B11 -> 1 | F11: =C11/B11 -> 0.093333333
A12: 41862 | B12: 8 | C12: 0.74 | D12: =B12 -> 8 | E12: =D12/B12 -> 1 | F12: =C12/B12 -> 0.0925
A13: 41863 | B13: 24 | C13: 1.78 | D13: =B13 -> 24 | E13: =D13/B13 -> 1 | F13: =C13/B13 -> 0.074166667
... A68: 41918 | B68: 5 | C68: 0.39 | D68: =B68 -> 5 | E68: =D68/B68 -> 1 | F68: =C68/B68 -> 0.078
A69: 41919 | B69: 3154 | C69: 291.8 | D69: =B69-'Ad Data'!E2 -> 1791 | E69: =D69/B69 -> 0.56785035 | F69: =C69/B69 -> 0.092517438
A70: 41920 | B70: 4211 | C70: 366.92 | D70: =B70-'Ad Data'!E3 -> 1088 | E70: =D70/B70 -> 0.25837093 | F70: =C70/B70 -> 0.087133697
A71: 41921 | B71: 4861 | C71: 337.35 | D71: =B71-'Ad Data'!E4 -> 2074 | E71: =D71/B71 -> 0.42666118 | F71: =C71/B71 -> 0.069399301
A72: 41922 | B72: 4662 | C72: 331.81 | D72: =B72-'Ad Data'!E5 -> 2162 | E72: =D72/B72 -> 0.46374946 | F72: =C72/B72 -> 0.071173316
A73: 41923 | B73: 4408 | C73: 360.7 | D73: =B73-'Ad Data'!E6 -> 1825 | E73: =D73/B73 -> 0.41401996 | F73: =C73/B73 -> 0.081828494
A74: 41924 | B74: 4401 | C74: 313.42 | D74: =B74-'Ad Data'!E7 -> 1860 | E74: =D74/B74 -> 0.42263122 | F74: =C74/B74 -> 0.071215633
A75: 41925 | B75: 3684 | C75: 266.1 | D75: =B75-'Ad Data'!E8 -> 1323 | E75: =D75/B75 -> 0.35912052 | F75: =C75/B75 -> 0.07223127
A76: 41926 | B76: 3519 | C76: 324.95 | D76: =B76-'Ad Data'!E9 -> 1559 | E76: =D76/B76 -> 0.44302359 | F76: =C76/B76 -> 0.092341574
A77: 41927 | B77: 3392 | C77: 308.08 | D77: =B77-'Ad Data'!E10 -> 1404 | E77: =D77/B77 -> 0.41391509 | F77: =C77/B77 -> 0.090825472
A78: 41928 | B78: 2756 | C78: 254.54 | D78: =B78-'Ad Data'!E11 -> 832 | E78: =D78/B78 -> 0.30188679 | F78: =C78/B78 -> 0.092358491
A79: 41929 | B79: 2469 | C79: 251.01 | D79: =B79-'Ad Data'!E12 -> 824 | E79: =D79/B79 -> 0.33373836 | F79: =C79/B79 -> 0.10166464
A80: 41930 | B80: 2326 | C80: 222.59 | D80: =B80-'Ad Data'!E13 -> 770 | E80: =D80/B80 -> 0.33104041 | F80: =C80/B80 -> 0.095696475
... A154: 42004 | B154: 1681 | C154: 188 | D154: =B154-'Ad Data'!E87 -> 603 | E154: =D154/B154 -> 0.35871505 | F154: =C154/B154 -> 0.11183819
